
USE Testing_System_Assignment_1;
insert into Department (DepartmentID, DepartmentName) values (1, 'Kwilith');
insert into Department (DepartmentID, DepartmentName) values (2, 'Skimia');
insert into Department (DepartmentID, DepartmentName) values (3, 'Feednation');
insert into Department (DepartmentID, DepartmentName) values (4, 'Jabbersphere');
insert into Department (DepartmentID, DepartmentName) values (5, 'Tanoodle');
insert into Department (DepartmentID, DepartmentName) values (6, 'Tagpad');
insert into Department (DepartmentID, DepartmentName) values (7, 'Divape');
insert into Department (DepartmentID, DepartmentName) values (8, 'Skinix');
insert into Department (DepartmentID, DepartmentName) values (9, 'Demimbu');
insert into Department (DepartmentID, DepartmentName) values (10, 'Avaveo');
insert into Department (DepartmentID, DepartmentName) values (11, 'Dabjam');
insert into Department (DepartmentID, DepartmentName) values (12, 'Edgeify');
insert into Department (DepartmentID, DepartmentName) values (13, 'Mita');
insert into Department (DepartmentID, DepartmentName) values (14, 'Ntags');
insert into Department (DepartmentID, DepartmentName) values (15, 'Jayo');
insert into Department (DepartmentID, DepartmentName) values (16, 'DabZ');
insert into Department (DepartmentID, DepartmentName) values (17, 'Fivechat');
insert into Department (DepartmentID, DepartmentName) values (18, 'Npath');
insert into Department (DepartmentID, DepartmentName) values (19, 'Jabbersphere');
insert into Department (DepartmentID, DepartmentName) values (20, 'Fanoodle');
insert into Department (DepartmentID, DepartmentName) values (21, 'Zoombox');
insert into Department (DepartmentID, DepartmentName) values (22, 'Zoomdog');
insert into Department (DepartmentID, DepartmentName) values (23, 'Thoughtbeat');
insert into Department (DepartmentID, DepartmentName) values (24, 'Edgewire');
insert into Department (DepartmentID, DepartmentName) values (25, 'Topicware');
insert into Department (DepartmentID, DepartmentName) values (26, 'Topiclounge');
insert into Department (DepartmentID, DepartmentName) values (27, 'Dabfeed');
insert into Department (DepartmentID, DepartmentName) values (28, 'Eidel');
insert into Department (DepartmentID, DepartmentName) values (29, 'Abatz');
insert into Department (DepartmentID, DepartmentName) values (30, 'Skipfire');
insert into Department (DepartmentID, DepartmentName) values (31, 'Mycat');
insert into Department (DepartmentID, DepartmentName) values (32, 'Youfeed');
insert into Department (DepartmentID, DepartmentName) values (33, 'Yakidoo');
insert into Department (DepartmentID, DepartmentName) values (34, 'Skalith');
insert into Department (DepartmentID, DepartmentName) values (35, 'Voonder');
insert into Department (DepartmentID, DepartmentName) values (36, 'InnoZ');
insert into Department (DepartmentID, DepartmentName) values (37, 'Mynte');
insert into Department (DepartmentID, DepartmentName) values (38, 'Jaxworks');
insert into Department (DepartmentID, DepartmentName) values (39, 'Jetwire');
insert into Department (DepartmentID, DepartmentName) values (40, 'Teklist');
insert into Department (DepartmentID, DepartmentName) values (41, 'Rhynyx');
insert into Department (DepartmentID, DepartmentName) values (42, 'Tagfeed');
insert into Department (DepartmentID, DepartmentName) values (43, 'JumpXS');
insert into Department (DepartmentID, DepartmentName) values (44, 'Dynava');
insert into Department (DepartmentID, DepartmentName) values (45, 'Riffpath');
insert into Department (DepartmentID, DepartmentName) values (46, 'Jaxspan');
insert into Department (DepartmentID, DepartmentName) values (47, 'Realbuzz');
insert into Department (DepartmentID, DepartmentName) values (48, 'Roombo');
insert into Department (DepartmentID, DepartmentName) values (49, 'Trupe');
insert into Department (DepartmentID, DepartmentName) values (50, 'Shuffledrive');
insert into Positions (PositionID, PositionName) values (1, 'Support');
insert into Positions (PositionID, PositionName) values (2, 'Legal');
insert into Positions (PositionID, PositionName) values (3, 'Marketing');
insert into Positions (PositionID, PositionName) values (4, 'Sales');
insert into Positions (PositionID, PositionName) values (5, 'Training');
insert into Positions (PositionID, PositionName) values (6, 'Support');
insert into Positions (PositionID, PositionName) values (7, 'Engineering');
insert into Positions (PositionID, PositionName) values (8, 'Services');
insert into Positions (PositionID, PositionName) values (9, 'Research and Development');
insert into Positions (PositionID, PositionName) values (10, 'Product Management');
insert into Positions (PositionID, PositionName) values (11, 'Product Management');
insert into Positions (PositionID, PositionName) values (12, 'Research and Development');
insert into Positions (PositionID, PositionName) values (13, 'Engineering');
insert into Positions (PositionID, PositionName) values (14, 'Legal');
insert into Positions (PositionID, PositionName) values (15, 'Human Resources');
insert into Positions (PositionID, PositionName) values (16, 'Support');
insert into Positions (PositionID, PositionName) values (17, 'Legal');
insert into Positions (PositionID, PositionName) values (18, 'Accounting');
insert into Positions (PositionID, PositionName) values (19, 'Engineering');
insert into Positions (PositionID, PositionName) values (20, 'Engineering');
insert into Positions (PositionID, PositionName) values (21, 'Accounting');
insert into Positions (PositionID, PositionName) values (22, 'Human Resources');
insert into Positions (PositionID, PositionName) values (23, 'Engineering');
insert into Positions (PositionID, PositionName) values (24, 'Marketing');
insert into Positions (PositionID, PositionName) values (25, 'Product Management');
insert into Positions (PositionID, PositionName) values (26, 'Support');
insert into Positions (PositionID, PositionName) values (27, 'Support');
insert into Positions (PositionID, PositionName) values (28, 'Training');
insert into Positions (PositionID, PositionName) values (29, 'Human Resources');
insert into Positions (PositionID, PositionName) values (30, 'Human Resources');
insert into Positions (PositionID, PositionName) values (31, 'Accounting');
insert into Positions (PositionID, PositionName) values (32, 'Human Resources');
insert into Positions (PositionID, PositionName) values (33, 'Product Management');
insert into Positions (PositionID, PositionName) values (34, 'Marketing');
insert into Positions (PositionID, PositionName) values (35, 'Engineering');
insert into Positions (PositionID, PositionName) values (36, 'Business Development');
insert into Positions (PositionID, PositionName) values (37, 'Engineering');
insert into Positions (PositionID, PositionName) values (38, 'Legal');
insert into Positions (PositionID, PositionName) values (39, 'Business Development');
insert into Positions (PositionID, PositionName) values (40, 'Product Management');
insert into Positions (PositionID, PositionName) values (41, 'Human Resources');
insert into Positions (PositionID, PositionName) values (42, 'Services');
insert into Positions (PositionID, PositionName) values (43, 'Product Management');
insert into Positions (PositionID, PositionName) values (44, 'Support');
insert into Positions (PositionID, PositionName) values (45, 'Training');
insert into Positions (PositionID, PositionName) values (46, 'Product Management');
insert into Positions (PositionID, PositionName) values (47, 'Business Development');
insert into Positions (PositionID, PositionName) values (48, 'Product Management');
insert into Positions (PositionID, PositionName) values (49, 'Engineering');
insert into Positions (PositionID, PositionName) values (50, 'Services');
insert into Accounts (AccountID, Email, Username, Fullname, DepartmentID, PositionID, CreateDate) values (1, 'dribbon0@yahoo.com', 'dribbon0', 'Deanne Ribbon', 1, 1, '2022-09-29');
insert into Accounts (AccountID, Email, Username, Fullname, DepartmentID, PositionID, CreateDate) values (2, 'pkitching1@nasa.gov', 'pkitching1', 'Page Kitching', 2, 2, '2022-07-19');
insert into Accounts (AccountID, Email, Username, Fullname, DepartmentID, PositionID, CreateDate) values (3, 'dgroome2@ucoz.com', 'dgroome2', 'Darice Groome', 3, 3, '2022-01-03');
insert into Accounts (AccountID, Email, Username, Fullname, DepartmentID, PositionID, CreateDate) values (4, 'mwilloughley3@mlb.com', 'mwilloughley3', 'Morlee Willoughley', 4, 4, '2022-02-28');
insert into Accounts (AccountID, Email, Username, Fullname, DepartmentID, PositionID, CreateDate) values (5, 'tgummie4@imdb.com', 'tgummie4', 'Teodoor Gummie', 5, 5, '2022-06-06');
insert into Accounts (AccountID, Email, Username, Fullname, DepartmentID, PositionID, CreateDate) values (6, 'tharrell5@youku.com', 'tharrell5', 'Trixy Harrell', 6, 6, '2022-05-23');
insert into Accounts (AccountID, Email, Username, Fullname, DepartmentID, PositionID, CreateDate) values (7, 'npactat6@jimdo.com', 'npactat6', 'Nappie Pactat', 7, 7, '2022-07-09');
insert into Accounts (AccountID, Email, Username, Fullname, DepartmentID, PositionID, CreateDate) values (8, 'lpalumbo7@dyndns.org', 'lpalumbo7', 'Lisle Palumbo', 8, 8, '2022-10-18');
insert into Accounts (AccountID, Email, Username, Fullname, DepartmentID, PositionID, CreateDate) values (9, 'gdressel8@cbslocal.com', 'gdressel8', 'Gideon Dressel', 9, 9, '2022-05-16');
insert into Accounts (AccountID, Email, Username, Fullname, DepartmentID, PositionID, CreateDate) values (10, 'tabeau9@imgur.com', 'tabeau9', 'Terrijo Abeau', 10, 10, '2022-03-30');
insert into Accounts (AccountID, Email, Username, Fullname, DepartmentID, PositionID, CreateDate) values (11, 'hlassetera@i2i.jp', 'hlassetera', 'Helene Lasseter', 11, 11, '2022-07-25');
insert into Accounts (AccountID, Email, Username, Fullname, DepartmentID, PositionID, CreateDate) values (12, 'wdeb@illinois.edu', 'wdeb', 'Wilmer De Fraine', 12, 12, '2022-09-13');
insert into Accounts (AccountID, Email, Username, Fullname, DepartmentID, PositionID, CreateDate) values (13, 'mvaterc@rediff.com', 'mvaterc', 'Madel Vater', 13, 13, '2022-05-10');
insert into Accounts (AccountID, Email, Username, Fullname, DepartmentID, PositionID, CreateDate) values (14, 'pklichd@msn.com', 'pklichd', 'Page Klich', 14, 14, '2022-07-14');
insert into Accounts (AccountID, Email, Username, Fullname, DepartmentID, PositionID, CreateDate) values (15, 'erouselle@eventbrite.com', 'erouselle', 'Essie Rousell', 15, 15, '2022-03-13');
insert into Accounts (AccountID, Email, Username, Fullname, DepartmentID, PositionID, CreateDate) values (16, 'jfraanchyonokf@issuu.com', 'jfraanchyonokf', 'Jeanette Fraanchyonok', 16, 16, '2022-11-06');
insert into Accounts (AccountID, Email, Username, Fullname, DepartmentID, PositionID, CreateDate) values (17, 'wgouleyg@freewebs.com', 'wgouleyg', 'Wyndham Gouley', 17, 17, '2022-05-16');
insert into Accounts (AccountID, Email, Username, Fullname, DepartmentID, PositionID, CreateDate) values (18, 'jdaberh@hud.gov', 'jdaberh', 'Jeanelle Daber', 18, 18, '2022-02-05');
insert into Accounts (AccountID, Email, Username, Fullname, DepartmentID, PositionID, CreateDate) values (19, 'osinkini@wikia.com', 'osinkini', 'Orsa Sinkin', 19, 19, '2022-07-03');
insert into Accounts (AccountID, Email, Username, Fullname, DepartmentID, PositionID, CreateDate) values (20, 'lconichiej@bloomberg.com', 'lconichiej', 'Luke Conichie', 20, 20, '2022-01-06');
insert into Accounts (AccountID, Email, Username, Fullname, DepartmentID, PositionID, CreateDate) values (21, 'jeneferk@google.com.au', 'jeneferk', 'Julina Enefer', 21, 21, '2022-08-24');
insert into Accounts (AccountID, Email, Username, Fullname, DepartmentID, PositionID, CreateDate) values (22, 'idymottl@redcross.org', 'idymottl', 'Iolanthe Dymott', 22, 22, '2022-07-15');
insert into Accounts (AccountID, Email, Username, Fullname, DepartmentID, PositionID, CreateDate) values (23, 'lraftm@walmart.com', 'lraftm', 'Lisabeth Raft', 23, 23, '2022-02-15');
insert into Accounts (AccountID, Email, Username, Fullname, DepartmentID, PositionID, CreateDate) values (24, 'bexelbyn@usa.gov', 'bexelbyn', 'Bastian Exelby', 24, 24, '2022-03-24');
insert into Accounts (AccountID, Email, Username, Fullname, DepartmentID, PositionID, CreateDate) values (25, 'ahalladayo@patch.com', 'ahalladayo', 'Alicea Halladay', 25, 25, '2022-02-25');
insert into Accounts (AccountID, Email, Username, Fullname, DepartmentID, PositionID, CreateDate) values (26, 'mcromerp@bloglovin.com', 'mcromerp', 'Mireille Cromer', 26, 26, '2022-03-31');
insert into Accounts (AccountID, Email, Username, Fullname, DepartmentID, PositionID, CreateDate) values (27, 'kjewksq@eventbrite.com', 'kjewksq', 'Kele Jewks', 27, 27, '2022-07-16');
insert into Accounts (AccountID, Email, Username, Fullname, DepartmentID, PositionID, CreateDate) values (28, 'bconachyr@merriam-webster.com', 'bconachyr', 'Benny Conachy', 28, 28, '2022-08-26');
insert into Accounts (AccountID, Email, Username, Fullname, DepartmentID, PositionID, CreateDate) values (29, 'mwagnerins@latimes.com', 'mwagnerins', 'Merrel Wagnerin', 29, 29, '2022-03-03');
insert into Accounts (AccountID, Email, Username, Fullname, DepartmentID, PositionID, CreateDate) values (30, 'ttomaskovt@irs.gov', 'ttomaskovt', 'Temple Tomaskov', 30, 30, '2022-03-16');
insert into Accounts (AccountID, Email, Username, Fullname, DepartmentID, PositionID, CreateDate) values (31, 'bmarou@barnesandnoble.com', 'bmarou', 'Betta Maro', 31, 31, '2022-11-24');
insert into Accounts (AccountID, Email, Username, Fullname, DepartmentID, PositionID, CreateDate) values (32, 'tbrunettiv@mail.ru', 'tbrunettiv', 'Theodosia Brunetti', 32, 32, '2022-04-25');
insert into Accounts (AccountID, Email, Username, Fullname, DepartmentID, PositionID, CreateDate) values (33, 'mblundenw@huffingtonpost.com', 'mblundenw', 'Mikol Blunden', 33, 33, '2022-04-15');
insert into Accounts (AccountID, Email, Username, Fullname, DepartmentID, PositionID, CreateDate) values (34, 'lmierex@sogou.com', 'lmierex', 'Lorne Miere', 34, 34, '2022-05-16');
insert into Accounts (AccountID, Email, Username, Fullname, DepartmentID, PositionID, CreateDate) values (35, 'nstoffely@unicef.org', 'nstoffely', 'Norman Stoffel', 35, 35, '2022-02-12');
insert into Accounts (AccountID, Email, Username, Fullname, DepartmentID, PositionID, CreateDate) values (36, 'kgreensidez@unesco.org', 'kgreensidez', 'Kayne Greenside', 36, 36, '2022-07-22');
insert into Accounts (AccountID, Email, Username, Fullname, DepartmentID, PositionID, CreateDate) values (37, 'wkaesmakers10@purevolume.com', 'wkaesmakers10', 'Wye Kaesmakers', 37, 37, '2022-07-15');
insert into Accounts (AccountID, Email, Username, Fullname, DepartmentID, PositionID, CreateDate) values (38, 'hcullnean11@yandex.ru', 'hcullnean11', 'Hatty Cullnean', 38, 38, '2022-12-04');
insert into Accounts (AccountID, Email, Username, Fullname, DepartmentID, PositionID, CreateDate) values (39, 'mpovele12@mail.ru', 'mpovele12', 'Marcelo Povele', 39, 39, '2021-12-21');
insert into Accounts (AccountID, Email, Username, Fullname, DepartmentID, PositionID, CreateDate) values (40, 'aducarme13@timesonline.co.uk', 'aducarme13', 'Ardelis ducarme', 40, 40, '2021-12-17');
insert into Accounts (AccountID, Email, Username, Fullname, DepartmentID, PositionID, CreateDate) values (41, 'bguidetti14@netscape.com', 'bguidetti14', 'Bing Guidetti', 41, 41, '2022-06-15');
insert into Accounts (AccountID, Email, Username, Fullname, DepartmentID, PositionID, CreateDate) values (42, 'eschulken15@narod.ru', 'eschulken15', 'Errol Schulken', 42, 42, '2022-03-18');
insert into Accounts (AccountID, Email, Username, Fullname, DepartmentID, PositionID, CreateDate) values (43, 'adrewes16@webs.com', 'adrewes16', 'Alair Drewes', 43, 43, '2022-04-22');
insert into Accounts (AccountID, Email, Username, Fullname, DepartmentID, PositionID, CreateDate) values (44, 'oweth17@tinyurl.com', 'oweth17', 'Osmond Weth', 44, 44, '2022-06-04');
insert into Accounts (AccountID, Email, Username, Fullname, DepartmentID, PositionID, CreateDate) values (45, 'gpeltzer18@cisco.com', 'gpeltzer18', 'Gradeigh Peltzer', 45, 45, '2022-05-12');
insert into Accounts (AccountID, Email, Username, Fullname, DepartmentID, PositionID, CreateDate) values (46, 'sloggie19@washingtonpost.com', 'sloggie19', 'Shannan Loggie', 46, 46, '2022-02-03');
insert into Accounts (AccountID, Email, Username, Fullname, DepartmentID, PositionID, CreateDate) values (47, 'yarnli1a@about.com', 'yarnli1a', 'Yehudi Arnli', 47, 47, '2022-08-11');
insert into Accounts (AccountID, Email, Username, Fullname, DepartmentID, PositionID, CreateDate) values (48, 'bchaters1b@last.fm', 'bchaters1b', 'Ber Chaters', 48, 48, '2022-04-07');
insert into Accounts (AccountID, Email, Username, Fullname, DepartmentID, PositionID, CreateDate) values (49, 'athirlwall1c@examiner.com', 'athirlwall1c', 'Archibaldo Thirlwall', 49, 49, '2022-08-07');
insert into Accounts (AccountID, Email, Username, Fullname, DepartmentID, PositionID, CreateDate) values (50, 'jnipper1d@engadget.com', 'jnipper1d', 'James Nipper', 50, 50, '2022-06-28');
insert into Group1 (GroupID, GroupName, CreatorID, CreateDate) values (1, 'Eagle Point Credit Company Inc.', 1, '2022-03-06');
insert into Group1 (GroupID, GroupName, CreatorID, CreateDate) values (2, 'Grupo Financiero Santander Mexico S.A. B. de C.V.', 2, '2022-11-01');
insert into Group1 (GroupID, GroupName, CreatorID, CreateDate) values (3, 'Teva Pharmaceutical Industries Limited', 3, '2022-07-06');
insert into Group1 (GroupID, GroupName, CreatorID, CreateDate) values (4, 'Xencor, Inc.', 4, '2021-12-13');
insert into Group1 (GroupID, GroupName, CreatorID, CreateDate) values (5, 'ServisFirst Bancshares, Inc.', 5, '2022-05-06');
insert into Group1 (GroupID, GroupName, CreatorID, CreateDate) values (6, 'PulteGroup, Inc.', 6, '2022-07-31');
insert into Group1 (GroupID, GroupName, CreatorID, CreateDate) values (7, 'AmTrust Financial Services, Inc.', 7, '2022-12-05');
insert into Group1 (GroupID, GroupName, CreatorID, CreateDate) values (8, 'MGM Growth Properties LLC', 8, '2022-01-16');
insert into Group1 (GroupID, GroupName, CreatorID, CreateDate) values (9, 'Bioblast Pharma Ltd.', 9, '2022-11-20');
insert into Group1 (GroupID, GroupName, CreatorID, CreateDate) values (10, 'GoPro, Inc.', 10, '2022-08-10');
insert into Group1 (GroupID, GroupName, CreatorID, CreateDate) values (11, 'PGT Innovations, Inc.', 11, '2022-07-12');
insert into Group1 (GroupID, GroupName, CreatorID, CreateDate) values (12, 'BlackRock Long-Term Municipal Advantage Trust', 12, '2022-09-06');
insert into Group1 (GroupID, GroupName, CreatorID, CreateDate) values (13, 'Southern National Bancorp of Virginia, Inc.', 13, '2022-02-23');
insert into Group1 (GroupID, GroupName, CreatorID, CreateDate) values (14, 'Norwegian Cruise Line Holdings Ltd.', 14, '2021-12-15');
insert into Group1 (GroupID, GroupName, CreatorID, CreateDate) values (15, 'RELX N.V.', 15, '2022-05-04');
insert into Group1 (GroupID, GroupName, CreatorID, CreateDate) values (16, 'Voya Asia Pacific High Dividend Equity Income Fund', 16, '2022-02-10');
insert into Group1 (GroupID, GroupName, CreatorID, CreateDate) values (17, 'FIRST REPUBLIC BANK', 17, '2022-02-07');
insert into Group1 (GroupID, GroupName, CreatorID, CreateDate) values (18, 'Bojangles'', Inc.', 18, '2022-07-09');
insert into Group1 (GroupID, GroupName, CreatorID, CreateDate) values (19, 'Orexigen Therapeutics, Inc.', 19, '2022-10-10');
insert into Group1 (GroupID, GroupName, CreatorID, CreateDate) values (20, 'One Liberty Properties, Inc.', 20, '2022-09-24');
insert into Group1 (GroupID, GroupName, CreatorID, CreateDate) values (21, 'Hudbay Minerals Inc.', 21, '2022-08-13');
insert into Group1 (GroupID, GroupName, CreatorID, CreateDate) values (22, 'Alliance One International, Inc.', 22, '2022-06-28');
insert into Group1 (GroupID, GroupName, CreatorID, CreateDate) values (23, 'Gabelli Dividend', 23, '2022-02-06');
insert into Group1 (GroupID, GroupName, CreatorID, CreateDate) values (24, 'Investment Technology Group, Inc.', 24, '2022-09-10');
insert into Group1 (GroupID, GroupName, CreatorID, CreateDate) values (25, 'Artesian Resources Corporation', 25, '2022-07-16');
insert into Group1 (GroupID, GroupName, CreatorID, CreateDate) values (26, 'Xylem Inc.', 26, '2021-12-22');
insert into Group1 (GroupID, GroupName, CreatorID, CreateDate) values (27, 'Ashford Hospitality Prime, Inc.', 27, '2022-08-07');
insert into Group1 (GroupID, GroupName, CreatorID, CreateDate) values (28, 'Ever-Glory International Group, Inc.', 28, '2022-01-11');
insert into Group1 (GroupID, GroupName, CreatorID, CreateDate) values (29, 'Carpenter Technology Corporation', 29, '2022-03-29');
insert into Group1 (GroupID, GroupName, CreatorID, CreateDate) values (30, 'Jacobs Engineering Group Inc.', 30, '2022-06-01');
insert into Group1 (GroupID, GroupName, CreatorID, CreateDate) values (31, 'Otonomy, Inc.', 31, '2022-07-11');
insert into Group1 (GroupID, GroupName, CreatorID, CreateDate) values (32, 'Gardner Denver Holdings, Inc.', 32, '2022-02-04');
insert into Group1 (GroupID, GroupName, CreatorID, CreateDate) values (33, 'ZTO Express (Cayman) Inc.', 33, '2022-09-27');
insert into Group1 (GroupID, GroupName, CreatorID, CreateDate) values (34, 'Crane Company', 34, '2022-09-04');
insert into Group1 (GroupID, GroupName, CreatorID, CreateDate) values (35, 'First Trust Strategic Income ETF', 35, '2022-04-09');
insert into Group1 (GroupID, GroupName, CreatorID, CreateDate) values (36, 'Reliv'' International, Inc.', 36, '2022-07-19');
insert into Group1 (GroupID, GroupName, CreatorID, CreateDate) values (37, 'ACI Worldwide, Inc.', 37, '2022-06-25');
insert into Group1 (GroupID, GroupName, CreatorID, CreateDate) values (38, 'American Outdoor Brands Corporation', 38, '2022-06-11');
insert into Group1 (GroupID, GroupName, CreatorID, CreateDate) values (39, 'Ballard Power Systems, Inc.', 39, '2022-07-14');
insert into Group1 (GroupID, GroupName, CreatorID, CreateDate) values (40, 'Morgan Stanley Asia-Pacific Fund, Inc.', 40, '2022-08-28');
insert into Group1 (GroupID, GroupName, CreatorID, CreateDate) values (41, 'Gores Holdings II, Inc.', 41, '2022-12-05');
insert into Group1 (GroupID, GroupName, CreatorID, CreateDate) values (42, 'Investors Real Estate Trust', 42, '2022-12-03');
insert into Group1 (GroupID, GroupName, CreatorID, CreateDate) values (43, 'Diamond Offshore Drilling, Inc.', 43, '2022-06-12');
insert into Group1 (GroupID, GroupName, CreatorID, CreateDate) values (44, 'MGIC Investment Corporation', 44, '2022-11-03');
insert into Group1 (GroupID, GroupName, CreatorID, CreateDate) values (45, 'Essent Group Ltd.', 45, '2022-06-16');
insert into Group1 (GroupID, GroupName, CreatorID, CreateDate) values (46, 'Alcoa Corporation', 46, '2022-07-20');
insert into Group1 (GroupID, GroupName, CreatorID, CreateDate) values (47, 'Alliance Resource Partners, L.P.', 47, '2022-07-17');
insert into Group1 (GroupID, GroupName, CreatorID, CreateDate) values (48, 'Children''s Place, Inc. (The)', 48, '2022-08-26');
insert into Group1 (GroupID, GroupName, CreatorID, CreateDate) values (49, 'Lithia Motors, Inc.', 49, '2022-05-31');
insert into Group1 (GroupID, GroupName, CreatorID, CreateDate) values (50, 'Tesoro Corporation', 50, '2022-08-06');
insert into GroupAccount (GroupID, AccountID, Joindate) values (1, 1, '2022-06-27');
insert into GroupAccount (GroupID, AccountID, Joindate) values (2, 2, '2022-10-31');
insert into GroupAccount (GroupID, AccountID, Joindate) values (3, 3, '2022-02-27');
insert into GroupAccount (GroupID, AccountID, Joindate) values (4, 4, '2022-01-21');
insert into GroupAccount (GroupID, AccountID, Joindate) values (5, 5, '2022-07-05');
insert into GroupAccount (GroupID, AccountID, Joindate) values (6, 6, '2022-01-02');
insert into GroupAccount (GroupID, AccountID, Joindate) values (7, 7, '2022-03-06');
insert into GroupAccount (GroupID, AccountID, Joindate) values (8, 8, '2022-08-10');
insert into GroupAccount (GroupID, AccountID, Joindate) values (9, 9, '2022-11-07');
insert into GroupAccount (GroupID, AccountID, Joindate) values (10, 10, '2022-09-02');
insert into GroupAccount (GroupID, AccountID, Joindate) values (11, 11, '2022-02-04');
insert into GroupAccount (GroupID, AccountID, Joindate) values (12, 12, '2022-05-25');
insert into GroupAccount (GroupID, AccountID, Joindate) values (13, 13, '2022-05-08');
insert into GroupAccount (GroupID, AccountID, Joindate) values (14, 14, '2022-11-18');
insert into GroupAccount (GroupID, AccountID, Joindate) values (15, 15, '2022-08-16');
insert into GroupAccount (GroupID, AccountID, Joindate) values (16, 16, '2021-12-20');
insert into GroupAccount (GroupID, AccountID, Joindate) values (17, 17, '2022-08-03');
insert into GroupAccount (GroupID, AccountID, Joindate) values (18, 18, '2022-09-27');
insert into GroupAccount (GroupID, AccountID, Joindate) values (19, 19, '2021-12-09');
insert into GroupAccount (GroupID, AccountID, Joindate) values (20, 20, '2022-11-20');
insert into GroupAccount (GroupID, AccountID, Joindate) values (21, 21, '2022-05-13');
insert into GroupAccount (GroupID, AccountID, Joindate) values (22, 22, '2022-08-21');
insert into GroupAccount (GroupID, AccountID, Joindate) values (23, 23, '2022-09-30');
insert into GroupAccount (GroupID, AccountID, Joindate) values (24, 24, '2022-12-03');
insert into GroupAccount (GroupID, AccountID, Joindate) values (25, 25, '2022-07-17');
insert into GroupAccount (GroupID, AccountID, Joindate) values (26, 26, '2022-10-09');
insert into GroupAccount (GroupID, AccountID, Joindate) values (27, 27, '2022-01-21');
insert into GroupAccount (GroupID, AccountID, Joindate) values (28, 28, '2022-09-30');
insert into GroupAccount (GroupID, AccountID, Joindate) values (29, 29, '2022-10-09');
insert into GroupAccount (GroupID, AccountID, Joindate) values (30, 30, '2022-01-27');
insert into GroupAccount (GroupID, AccountID, Joindate) values (31, 31, '2022-01-03');
insert into GroupAccount (GroupID, AccountID, Joindate) values (32, 32, '2022-01-10');
insert into GroupAccount (GroupID, AccountID, Joindate) values (33, 33, '2022-10-23');
insert into GroupAccount (GroupID, AccountID, Joindate) values (34, 34, '2022-03-09');
insert into GroupAccount (GroupID, AccountID, Joindate) values (35, 35, '2022-01-24');
insert into GroupAccount (GroupID, AccountID, Joindate) values (36, 36, '2022-07-29');
insert into GroupAccount (GroupID, AccountID, Joindate) values (37, 37, '2022-02-01');
insert into GroupAccount (GroupID, AccountID, Joindate) values (38, 38, '2022-03-27');
insert into GroupAccount (GroupID, AccountID, Joindate) values (39, 39, '2022-03-30');
insert into GroupAccount (GroupID, AccountID, Joindate) values (40, 40, '2022-09-05');
insert into GroupAccount (GroupID, AccountID, Joindate) values (41, 41, '2022-10-23');
insert into GroupAccount (GroupID, AccountID, Joindate) values (42, 42, '2022-10-11');
insert into GroupAccount (GroupID, AccountID, Joindate) values (43, 43, '2022-08-11');
insert into GroupAccount (GroupID, AccountID, Joindate) values (44, 44, '2022-01-19');
insert into GroupAccount (GroupID, AccountID, Joindate) values (45, 45, '2022-07-03');
insert into GroupAccount (GroupID, AccountID, Joindate) values (46, 46, '2022-10-11');
insert into GroupAccount (GroupID, AccountID, Joindate) values (47, 47, '2022-11-03');
insert into GroupAccount (GroupID, AccountID, Joindate) values (48, 48, '2022-04-04');
insert into GroupAccount (GroupID, AccountID, Joindate) values (49, 49, '2022-01-08');
insert into GroupAccount (GroupID, AccountID, Joindate) values (50, 50, '2022-03-27');
insert into TypeQuestion (TypeID, TypeName) values (1, 'Multiple-Choice');
insert into TypeQuestion (TypeID, TypeName) values (2, 'Multiple-Choice');
insert into TypeQuestion (TypeID, TypeName) values (3, 'Multiple-Choice');
insert into TypeQuestion (TypeID, TypeName) values (4, 'Multiple-Choice');
insert into TypeQuestion (TypeID, TypeName) values (5, 'Multiple-Choice');
insert into TypeQuestion (TypeID, TypeName) values (6, 'Multiple-Choice');
insert into TypeQuestion (TypeID, TypeName) values (7, 'Multiple-Choice');
insert into TypeQuestion (TypeID, TypeName) values (8, 'Multiple-Choice');
insert into TypeQuestion (TypeID, TypeName) values (9, 'Multiple-Choice');
insert into TypeQuestion (TypeID, TypeName) values (10, 'Multiple-Choice');
insert into TypeQuestion (TypeID, TypeName) values (11, 'Multiple-Choice');
insert into TypeQuestion (TypeID, TypeName) values (12, 'Multiple-Choice');
insert into TypeQuestion (TypeID, TypeName) values (13, 'Multiple-Choice');
insert into TypeQuestion (TypeID, TypeName) values (14, 'Multiple-Choice');
insert into TypeQuestion (TypeID, TypeName) values (15, 'Multiple-Choice');
insert into TypeQuestion (TypeID, TypeName) values (16, 'Multiple-Choice');
insert into TypeQuestion (TypeID, TypeName) values (17, 'Multiple-Choice');
insert into TypeQuestion (TypeID, TypeName) values (18, 'Multiple-Choice');
insert into TypeQuestion (TypeID, TypeName) values (19, 'Multiple-Choice');
insert into TypeQuestion (TypeID, TypeName) values (20, 'Multiple-Choice');
insert into TypeQuestion (TypeID, TypeName) values (21, 'Essay');
insert into TypeQuestion (TypeID, TypeName) values (22, 'Essay');
insert into TypeQuestion (TypeID, TypeName) values (23, 'Essay');
insert into TypeQuestion (TypeID, TypeName) values (24, 'Essay');
insert into TypeQuestion (TypeID, TypeName) values (25, 'Essay');
insert into TypeQuestion (TypeID, TypeName) values (26, 'Essay');
insert into TypeQuestion (TypeID, TypeName) values (27, 'Essay');
insert into TypeQuestion (TypeID, TypeName) values (28, 'Essay');
insert into TypeQuestion (TypeID, TypeName) values (29, 'Essay');
insert into TypeQuestion (TypeID, TypeName) values (30, 'Essay');
insert into TypeQuestion (TypeID, TypeName) values (31, 'Essay');
insert into TypeQuestion (TypeID, TypeName) values (32, 'Essay');
insert into TypeQuestion (TypeID, TypeName) values (33, 'Essay');
insert into TypeQuestion (TypeID, TypeName) values (34, 'Essay');
insert into TypeQuestion (TypeID, TypeName) values (35, 'Essay');
insert into TypeQuestion (TypeID, TypeName) values (36, 'Essay');
insert into TypeQuestion (TypeID, TypeName) values (37, 'Essay');
insert into TypeQuestion (TypeID, TypeName) values (38, 'Essay');
insert into TypeQuestion (TypeID, TypeName) values (39, 'Essay');
insert into TypeQuestion (TypeID, TypeName) values (40, 'Essay');
insert into TypeQuestion (TypeID, TypeName) values (41, 'Essay');
insert into TypeQuestion (TypeID, TypeName) values (42, 'Essay');
insert into TypeQuestion (TypeID, TypeName) values (43, 'Essay');
insert into TypeQuestion (TypeID, TypeName) values (44, 'Essay');
insert into TypeQuestion (TypeID, TypeName) values (45, 'Essay');
insert into TypeQuestion (TypeID, TypeName) values (46, 'Essay');
insert into TypeQuestion (TypeID, TypeName) values (47, 'Essay');
insert into TypeQuestion (TypeID, TypeName) values (48, 'Essay');
insert into TypeQuestion (TypeID, TypeName) values (49, 'Multiple-Choice');
insert into TypeQuestion (TypeID, TypeName) values (50, 'Multiple-Choice');
insert into CategoryQuestion (CategoryID, CategoryName) values (1, 'Java');
insert into CategoryQuestion (CategoryID, CategoryName) values (2, 'Java');
insert into CategoryQuestion (CategoryID, CategoryName) values (3, 'Java');
insert into CategoryQuestion (CategoryID, CategoryName) values (4, 'Java');
insert into CategoryQuestion (CategoryID, CategoryName) values (5, 'Java');
insert into CategoryQuestion (CategoryID, CategoryName) values (6, 'Java');
insert into CategoryQuestion (CategoryID, CategoryName) values (7, 'Java');
insert into CategoryQuestion (CategoryID, CategoryName) values (8, 'Java');
insert into CategoryQuestion (CategoryID, CategoryName) values (9, 'Java');
insert into CategoryQuestion (CategoryID, CategoryName) values (10, 'Java');
insert into CategoryQuestion (CategoryID, CategoryName) values (11, 'Java');
insert into CategoryQuestion (CategoryID, CategoryName) values (12, 'Java');
insert into CategoryQuestion (CategoryID, CategoryName) values (13, 'Java');
insert into CategoryQuestion (CategoryID, CategoryName) values (14, 'Java');
insert into CategoryQuestion (CategoryID, CategoryName) values (15, 'Java');
insert into CategoryQuestion (CategoryID, CategoryName) values (16, 'Java');
insert into CategoryQuestion (CategoryID, CategoryName) values (17, 'Java');
insert into CategoryQuestion (CategoryID, CategoryName) values (18, 'Ruby');
insert into CategoryQuestion (CategoryID, CategoryName) values (19, 'Ruby');
insert into CategoryQuestion (CategoryID, CategoryName) values (20, 'Ruby');
insert into CategoryQuestion (CategoryID, CategoryName) values (21, 'Ruby');
insert into CategoryQuestion (CategoryID, CategoryName) values (22, 'Ruby');
insert into CategoryQuestion (CategoryID, CategoryName) values (23, 'Ruby');
insert into CategoryQuestion (CategoryID, CategoryName) values (24, 'Ruby');
insert into CategoryQuestion (CategoryID, CategoryName) values (25, 'Ruby');
insert into CategoryQuestion (CategoryID, CategoryName) values (26, 'Ruby');
insert into CategoryQuestion (CategoryID, CategoryName) values (27, 'Ruby');
insert into CategoryQuestion (CategoryID, CategoryName) values (28, 'Ruby');
insert into CategoryQuestion (CategoryID, CategoryName) values (29, 'Python');
insert into CategoryQuestion (CategoryID, CategoryName) values (30, 'Python');
insert into CategoryQuestion (CategoryID, CategoryName) values (31, 'Python');
insert into CategoryQuestion (CategoryID, CategoryName) values (32, 'Python');
insert into CategoryQuestion (CategoryID, CategoryName) values (33, 'Python');
insert into CategoryQuestion (CategoryID, CategoryName) values (34, 'Python');
insert into CategoryQuestion (CategoryID, CategoryName) values (35, 'Python');
insert into CategoryQuestion (CategoryID, CategoryName) values (36, 'Python');
insert into CategoryQuestion (CategoryID, CategoryName) values (37, 'Python');
insert into CategoryQuestion (CategoryID, CategoryName) values (38, 'Python');
insert into CategoryQuestion (CategoryID, CategoryName) values (39, 'Python');
insert into CategoryQuestion (CategoryID, CategoryName) values (40, 'Python');
insert into CategoryQuestion (CategoryID, CategoryName) values (41, 'Python');
insert into CategoryQuestion (CategoryID, CategoryName) values (42, 'Test');
insert into CategoryQuestion (CategoryID, CategoryName) values (43, 'Test');
insert into CategoryQuestion (CategoryID, CategoryName) values (44, 'Test');
insert into CategoryQuestion (CategoryID, CategoryName) values (45, 'Test');
insert into CategoryQuestion (CategoryID, CategoryName) values (46, 'Test');
insert into CategoryQuestion (CategoryID, CategoryName) values (47, 'Test');
insert into CategoryQuestion (CategoryID, CategoryName) values (48, 'Test');
insert into CategoryQuestion (CategoryID, CategoryName) values (49, 'Test');
insert into CategoryQuestion (CategoryID, CategoryName) values (50, 'Test');
insert into Question (QuestionID, Content, CategoryID, TypeID, CreatorID, CreateDate) values (1, 'mang tiền về cho mẹ_ đen vâu', 1, 1, 1, '2021-12-14');
insert into Question (QuestionID, Content, CategoryID, TypeID, CreatorID, CreateDate) values (2, 'mang tiền về cho mẹ_ đen vâu', 2, 2, 2, '2022-03-14');
insert into Question (QuestionID, Content, CategoryID, TypeID, CreatorID, CreateDate) values (3, 'mang tiền về cho mẹ_ đen vâu', 3, 3, 3, '2022-02-23');
insert into Question (QuestionID, Content, CategoryID, TypeID, CreatorID, CreateDate) values (4, 'mang tiền về cho mẹ_ đen vâu', 4, 4, 4, '2022-11-14');
insert into Question (QuestionID, Content, CategoryID, TypeID, CreatorID, CreateDate) values (5, 'mang tiền về cho mẹ_ đen vâu', 5, 5, 5, '2022-05-04');
insert into Question (QuestionID, Content, CategoryID, TypeID, CreatorID, CreateDate) values (6, 'mang tiền về cho mẹ_ đen vâu', 6, 6, 6, '2022-11-07');
insert into Question (QuestionID, Content, CategoryID, TypeID, CreatorID, CreateDate) values (7, 'mang tiền về cho mẹ_ đen vâu', 7, 7, 7, '2022-01-07');
insert into Question (QuestionID, Content, CategoryID, TypeID, CreatorID, CreateDate) values (8, 'mang tiền về cho mẹ_ đen vâu', 8, 8, 8, '2022-05-20');
insert into Question (QuestionID, Content, CategoryID, TypeID, CreatorID, CreateDate) values (9, 'xin tiền về cho mẹ_ đen vâu', 9, 9, 9, '2022-10-26');
insert into Question (QuestionID, Content, CategoryID, TypeID, CreatorID, CreateDate) values (10, 'cầm tiền về cho mẹ_ đen vâu', 10, 10, 10, '2021-12-12');
insert into Question (QuestionID, Content, CategoryID, TypeID, CreatorID, CreateDate) values (11, 'mang tiền về cho mẹ_ đen vâu', 11, 11, 11, '2022-03-25');
insert into Question (QuestionID, Content, CategoryID, TypeID, CreatorID, CreateDate) values (12, 'mang tiền về cho mẹ_ đen vâu', 12, 12, 12, '2022-02-03');
insert into Question (QuestionID, Content, CategoryID, TypeID, CreatorID, CreateDate) values (13, 'mang tiền về cho mẹ_ đen vâu', 13, 13, 13, '2022-08-23');
insert into Question (QuestionID, Content, CategoryID, TypeID, CreatorID, CreateDate) values (14, 'mang tiền về cho mẹ_ đen vâu', 14, 14, 14, '2022-04-11');
insert into Question (QuestionID, Content, CategoryID, TypeID, CreatorID, CreateDate) values (15, 'mang tiền về cho mẹ_ đen vâu', 15, 15, 15, '2022-09-04');
insert into Question (QuestionID, Content, CategoryID, TypeID, CreatorID, CreateDate) values (16, 'mang tiền về cho mẹ_ đen vâu', 16, 16, 16, '2022-11-07');
insert into Question (QuestionID, Content, CategoryID, TypeID, CreatorID, CreateDate) values (17, 'mang tiền về cho mẹ_ đen vâu', 17, 17, 17, '2022-09-28');
insert into Question (QuestionID, Content, CategoryID, TypeID, CreatorID, CreateDate) values (18, 'mang tiền về cho mẹ_ đen vâu', 18, 18, 18, '2022-04-03');
insert into Question (QuestionID, Content, CategoryID, TypeID, CreatorID, CreateDate) values (19, 'mang tiền về cho mẹ_ đen vâu', 19, 19, 19, '2021-12-27');
insert into Question (QuestionID, Content, CategoryID, TypeID, CreatorID, CreateDate) values (20, 'mang tiền về cho mẹ_ đen vâu', 20, 20, 20, '2022-05-29');
insert into Question (QuestionID, Content, CategoryID, TypeID, CreatorID, CreateDate) values (21, 'mang tiền về cho mẹ_ đen vâu', 21, 21, 21, '2022-06-15');
insert into Question (QuestionID, Content, CategoryID, TypeID, CreatorID, CreateDate) values (22, 'mang tiền về cho mẹ_ đen vâu', 22, 22, 22, '2021-12-22');
insert into Question (QuestionID, Content, CategoryID, TypeID, CreatorID, CreateDate) values (23, 'mang tiền về cho mẹ_ đen vâu', 23, 23, 23, '2022-02-15');
insert into Question (QuestionID, Content, CategoryID, TypeID, CreatorID, CreateDate) values (24, 'mang tiền về cho mẹ_ đen vâu', 24, 24, 24, '2022-01-02');
insert into Question (QuestionID, Content, CategoryID, TypeID, CreatorID, CreateDate) values (25, 'mang tiền về cho mẹ_ đen vâu', 25, 25, 25, '2022-11-22');
insert into Question (QuestionID, Content, CategoryID, TypeID, CreatorID, CreateDate) values (26, 'mang tiền về cho mẹ_ đen vâu', 26, 26, 26, '2022-06-29');
insert into Question (QuestionID, Content, CategoryID, TypeID, CreatorID, CreateDate) values (27, 'mang tiền về cho mẹ_ đen vâu', 27, 27, 27, '2022-07-16');
insert into Question (QuestionID, Content, CategoryID, TypeID, CreatorID, CreateDate) values (28, 'mang tiền về cho mẹ_ đen vâu', 28, 28, 28, '2022-05-04');
insert into Question (QuestionID, Content, CategoryID, TypeID, CreatorID, CreateDate) values (29, 'mang tiền về cho mẹ_ đen vâu', 29, 29, 29, '2021-12-19');
insert into Question (QuestionID, Content, CategoryID, TypeID, CreatorID, CreateDate) values (30, 'mang tiền về cho mẹ_ đen vâu', 30, 30, 30, '2022-07-07');
insert into Question (QuestionID, Content, CategoryID, TypeID, CreatorID, CreateDate) values (31, 'mang tiền về cho mẹ_ đen vâu', 31, 31, 31, '2022-03-12');
insert into Question (QuestionID, Content, CategoryID, TypeID, CreatorID, CreateDate) values (32, 'mang tiền về cho mẹ_ đen vâu', 32, 32, 32, '2022-11-21');
insert into Question (QuestionID, Content, CategoryID, TypeID, CreatorID, CreateDate) values (33, 'mang tiền về cho mẹ_ đen vâu', 33, 33, 33, '2021-12-10');
insert into Question (QuestionID, Content, CategoryID, TypeID, CreatorID, CreateDate) values (34, 'mang tiền về cho mẹ_ đen vâu', 34, 34, 34, '2022-10-01');
insert into Question (QuestionID, Content, CategoryID, TypeID, CreatorID, CreateDate) values (35, 'mang tiền về cho mẹ_ đen vâu', 35, 35, 35, '2022-02-22');
insert into Question (QuestionID, Content, CategoryID, TypeID, CreatorID, CreateDate) values (36, 'mang tiền về cho mẹ_ đen vâu', 36, 36, 36, '2022-06-06');
insert into Question (QuestionID, Content, CategoryID, TypeID, CreatorID, CreateDate) values (37, 'mang tiền về cho mẹ_ đen vâu', 37, 37, 37, '2022-04-27');
insert into Question (QuestionID, Content, CategoryID, TypeID, CreatorID, CreateDate) values (38, 'mang tiền về cho mẹ_ đen vâu', 38, 38, 38, '2022-03-15');
insert into Question (QuestionID, Content, CategoryID, TypeID, CreatorID, CreateDate) values (39, 'mang tiền về cho mẹ_ đen vâu', 39, 39, 39, '2022-06-15');
insert into Question (QuestionID, Content, CategoryID, TypeID, CreatorID, CreateDate) values (40, 'mang tiền về cho mẹ_ đen vâu', 40, 40, 40, '2022-10-16');
insert into Question (QuestionID, Content, CategoryID, TypeID, CreatorID, CreateDate) values (41, 'mang tiền về cho mẹ_ đen vâu', 41, 41, 41, '2022-11-20');
insert into Question (QuestionID, Content, CategoryID, TypeID, CreatorID, CreateDate) values (42, 'mang tiền về cho mẹ_ đen vâu', 42, 42, 42, '2021-12-08');
insert into Question (QuestionID, Content, CategoryID, TypeID, CreatorID, CreateDate) values (43, 'mang tiền về cho mẹ_ đen vâu', 43, 43, 43, '2022-09-18');
insert into Question (QuestionID, Content, CategoryID, TypeID, CreatorID, CreateDate) values (44, 'mang tiền về cho mẹ_ đen vâu', 44, 44, 44, '2022-09-21');
insert into Question (QuestionID, Content, CategoryID, TypeID, CreatorID, CreateDate) values (45, 'mang tiền về cho mẹ_ đen vâu', 45, 45, 45, '2022-09-17');
insert into Question (QuestionID, Content, CategoryID, TypeID, CreatorID, CreateDate) values (46, 'mang tiền về cho mẹ_ đen vâu', 46, 46, 46, '2022-10-29');
insert into Question (QuestionID, Content, CategoryID, TypeID, CreatorID, CreateDate) values (47, 'mang tiền về cho mẹ_ đen vâu', 47, 47, 47, '2022-02-03');
insert into Question (QuestionID, Content, CategoryID, TypeID, CreatorID, CreateDate) values (48, 'mang tiền về cho mẹ_ đen vâu', 48, 48, 48, '2022-10-19');
insert into Question (QuestionID, Content, CategoryID, TypeID, CreatorID, CreateDate) values (49, 'mang tiền về cho mẹ_ đen vâu', 49, 49, 49, '2022-01-04');
insert into Question (QuestionID, Content, CategoryID, TypeID, CreatorID, CreateDate) values (50, 'mang tiền về cho mẹ_ đen vâu', 50, 50, 50, '2022-08-06');
insert into Answer (AnswerID, Content, QuestionID, isCorrect) values (1, 'Youopia', 1, 'Đúng');
insert into Answer (AnswerID, Content, QuestionID, isCorrect) values (2, 'Riffwire', 1, 'Đúng');
insert into Answer (AnswerID, Content, QuestionID, isCorrect) values (3, 'Babbleopia', 2, 'Đúng');
insert into Answer (AnswerID, Content, QuestionID, isCorrect) values (4, 'Myworks', 2, 'Đúng');
insert into Answer (AnswerID, Content, QuestionID, isCorrect) values (5, 'Babbleopia', 3, 'Đúng');
insert into Answer (AnswerID, Content, QuestionID, isCorrect) values (6, 'Oyoba', 4, 'Đúng');
insert into Answer (AnswerID, Content, QuestionID, isCorrect) values (7, 'Zoonoodle', 7, 'Đúng');
insert into Answer (AnswerID, Content, QuestionID, isCorrect) values (8, 'Gabcube', 8, 'Đúng');
insert into Answer (AnswerID, Content, QuestionID, isCorrect) values (9, 'Bubbletube', 9, 'Đúng');
insert into Answer (AnswerID, Content, QuestionID, isCorrect) values (10, 'Tekfly', 10, 'Đúng');
insert into Answer (AnswerID, Content, QuestionID, isCorrect) values (11, 'Photobug', 5, 'Đúng');
insert into Answer (AnswerID, Content, QuestionID, isCorrect) values (12, 'Chatterbridge', 6, 'Đúng');
insert into Answer (AnswerID, Content, QuestionID, isCorrect) values (13, 'Geba', 1, 'Đúng');
insert into Answer (AnswerID, Content, QuestionID, isCorrect) values (14, 'Photobug', 2, 'Đúng');
insert into Answer (AnswerID, Content, QuestionID, isCorrect) values (15, 'Zava', 3, 'Đúng');
insert into Answer (AnswerID, Content, QuestionID, isCorrect) values (16, 'Realcube', 5, 'Đúng');
insert into Answer (AnswerID, Content, QuestionID, isCorrect) values (17, 'Shufflebeat', 6, 'Đúng');
insert into Answer (AnswerID, Content, QuestionID, isCorrect) values (18, 'Devpulse', 7, 'Đúng');
insert into Answer (AnswerID, Content, QuestionID, isCorrect) values (19, 'Yodo', 8, 'Đúng');
insert into Answer (AnswerID, Content, QuestionID, isCorrect) values (20, 'Shufflebeat', 9, 'Đúng');
insert into Answer (AnswerID, Content, QuestionID, isCorrect) values (21, 'Jatri', 10, 'Đúng');
insert into Answer (AnswerID, Content, QuestionID, isCorrect) values (22, 'Skynoodle', 10, 'Đúng');
insert into Answer (AnswerID, Content, QuestionID, isCorrect) values (23, 'Plajo', 11, 'Đúng');
insert into Answer (AnswerID, Content, QuestionID, isCorrect) values (24, 'Edgetag', 12, 'Đúng');
insert into Answer (AnswerID, Content, QuestionID, isCorrect) values (25, 'Meevee', 13, 'Đúng');
insert into Answer (AnswerID, Content, QuestionID, isCorrect) values (26, 'Fivespan', 26, 'Đúng');
insert into Answer (AnswerID, Content, QuestionID, isCorrect) values (27, 'Chatterbridge', 27, 'Đúng');
insert into Answer (AnswerID, Content, QuestionID, isCorrect) values (28, 'Rooxo', 28, 'Đúng');
insert into Answer (AnswerID, Content, QuestionID, isCorrect) values (29, 'Feedspan', 29, 'Đúng');
insert into Answer (AnswerID, Content, QuestionID, isCorrect) values (30, 'Babbleopia', 30, 'Đúng');
insert into Answer (AnswerID, Content, QuestionID, isCorrect) values (31, 'Brainverse', 31, 'Đúng');
insert into Answer (AnswerID, Content, QuestionID, isCorrect) values (32, 'Twiyo', 32, 'Đúng');
insert into Answer (AnswerID, Content, QuestionID, isCorrect) values (33, 'Jetpulse', 33, 'Đúng');
insert into Answer (AnswerID, Content, QuestionID, isCorrect) values (34, 'Brainbox', 34, 'Đúng');
insert into Answer (AnswerID, Content, QuestionID, isCorrect) values (35, 'Quamba', 35, 'Sai');
insert into Answer (AnswerID, Content, QuestionID, isCorrect) values (36, 'Ooba', 36, 'Sai');
insert into Answer (AnswerID, Content, QuestionID, isCorrect) values (37, 'Browseblab', 37, 'Sai');
insert into Answer (AnswerID, Content, QuestionID, isCorrect) values (38, 'Photobug', 38, 'Sai');
insert into Answer (AnswerID, Content, QuestionID, isCorrect) values (39, 'Ooba', 39, 'Sai');
insert into Answer (AnswerID, Content, QuestionID, isCorrect) values (40, 'Tambee', 40, 'Sai');
insert into Answer (AnswerID, Content, QuestionID, isCorrect) values (41, 'Browsedrive', 41, 'Sai');
insert into Answer (AnswerID, Content, QuestionID, isCorrect) values (42, 'Meetz', 42, 'Sai');
insert into Answer (AnswerID, Content, QuestionID, isCorrect) values (43, 'Twitterbeat', 43, 'Sai');
insert into Answer (AnswerID, Content, QuestionID, isCorrect) values (44, 'Livefish', 44, 'Sai');
insert into Answer (AnswerID, Content, QuestionID, isCorrect) values (45, 'Meembee', 45, 'Sai');
insert into Answer (AnswerID, Content, QuestionID, isCorrect) values (46, 'Fivebridge', 46, 'Sai');
insert into Answer (AnswerID, Content, QuestionID, isCorrect) values (47, 'Bluejam', 47, 'Sai');
insert into Answer (AnswerID, Content, QuestionID, isCorrect) values (48, 'Devpulse', 48, 'Sai');
insert into Answer (AnswerID, Content, QuestionID, isCorrect) values (49, 'Rhynoodle', 49, 'Sai');
insert into Answer (AnswerID, Content, QuestionID, isCorrect) values (50, 'DabZ', 50, 'Sai');
insert into Exam (ExamID, Codes, Title, CategoryID, Duration, CreatorID, CreateDate) values (1, 'TLP', 'Quality Control Specialist', 1, '01:30:00', 1, '2022-04-19');
insert into Exam (ExamID, Codes, Title, CategoryID, Duration, CreatorID, CreateDate) values (2, 'AOS', 'Biostatistician II', 2, '01:30:00', 2, '2022-09-12');
insert into Exam (ExamID, Codes, Title, CategoryID, Duration, CreatorID, CreateDate) values (3, 'LYO', 'Human Resources Manager', 3, '01:30:00', 3, '2022-07-31');
insert into Exam (ExamID, Codes, Title, CategoryID, Duration, CreatorID, CreateDate) values (4, 'LEV', 'Human Resources Manager', 4, '01:30:00', 4, '2022-01-25');
insert into Exam (ExamID, Codes, Title, CategoryID, Duration, CreatorID, CreateDate) values (5, 'ZBO', 'Account Representative III', 5, '01:30:00', 5, '2022-02-21');
insert into Exam (ExamID, Codes, Title, CategoryID, Duration, CreatorID, CreateDate) values (6, 'GSU', 'Senior Sales Associate', 6, '01:30:00', 6, '2022-08-22');
insert into Exam (ExamID, Codes, Title, CategoryID, Duration, CreatorID, CreateDate) values (7, 'UII', 'Environmental Tech', 7, '01:30:00', 7, '2022-06-06');
insert into Exam (ExamID, Codes, Title, CategoryID, Duration, CreatorID, CreateDate) values (8, 'RJB', 'Graphic Designer', 8, '01:30:00', 8, '2022-02-28');
insert into Exam (ExamID, Codes, Title, CategoryID, Duration, CreatorID, CreateDate) values (9, 'ZOS', 'Staff Accountant IV', 9, '01:30:00', 9, '2022-03-10');
insert into Exam (ExamID, Codes, Title, CategoryID, Duration, CreatorID, CreateDate) values (10, 'DNN', 'Nuclear Power Engineer', 10, '01:30:00', 10, '2022-09-25');
insert into Exam (ExamID, Codes, Title, CategoryID, Duration, CreatorID, CreateDate) values (11, 'OCE', 'Business Systems Development Analyst', 11, '01:30:00', 11, '2022-06-05');
insert into Exam (ExamID, Codes, Title, CategoryID, Duration, CreatorID, CreateDate) values (12, 'VCF', 'Marketing Manager', 12, '01:30:00', 12, '2022-04-01');
insert into Exam (ExamID, Codes, Title, CategoryID, Duration, CreatorID, CreateDate) values (13, 'JAK', 'Web Designer II', 13, '01:30:00', 13, '2022-02-07');
insert into Exam (ExamID, Codes, Title, CategoryID, Duration, CreatorID, CreateDate) values (14, 'TML', 'Data Coordiator', 14, '01:30:00', 14, '2022-08-17');
insert into Exam (ExamID, Codes, Title, CategoryID, Duration, CreatorID, CreateDate) values (15, 'CQT', 'Help Desk Technician', 15, '01:30:00', 15, '2021-12-28');
insert into Exam (ExamID, Codes, Title, CategoryID, Duration, CreatorID, CreateDate) values (16, 'SFL', 'Quality Control Specialist', 16, '01:30:00', 16, '2022-11-01');
insert into Exam (ExamID, Codes, Title, CategoryID, Duration, CreatorID, CreateDate) values (17, 'AVK', 'Sales Associate', 17, '01:30:00', 17, '2022-02-06');
insert into Exam (ExamID, Codes, Title, CategoryID, Duration, CreatorID, CreateDate) values (18, 'PEE', 'Web Developer IV', 18, '01:30:00', 18, '2022-02-01');
insert into Exam (ExamID, Codes, Title, CategoryID, Duration, CreatorID, CreateDate) values (19, 'SCC', 'Staff Scientist', 19, '01:30:00', 19, '2021-12-16');
insert into Exam (ExamID, Codes, Title, CategoryID, Duration, CreatorID, CreateDate) values (20, 'MVU', 'Recruiting Manager', 20, '01:30:00', 20, '2022-05-21');
insert into Exam (ExamID, Codes, Title, CategoryID, Duration, CreatorID, CreateDate) values (21, 'YTT', 'Budget/Accounting Analyst II', 21, '01:30:00', 21, '2022-10-15');
insert into Exam (ExamID, Codes, Title, CategoryID, Duration, CreatorID, CreateDate) values (22, 'SCF', 'Business Systems Development Analyst', 22, '01:30:00', 22, '2022-12-05');
insert into Exam (ExamID, Codes, Title, CategoryID, Duration, CreatorID, CreateDate) values (23, 'ULQ', 'Desktop Support Technician', 23, '01:30:00', 23, '2022-09-11');
insert into Exam (ExamID, Codes, Title, CategoryID, Duration, CreatorID, CreateDate) values (24, 'BUW', 'Human Resources Assistant I', 24, '01:30:00', 24, '2022-09-26');
insert into Exam (ExamID, Codes, Title, CategoryID, Duration, CreatorID, CreateDate) values (25, 'LWL', 'Executive Secretary', 25, '01:30:00', 25, '2022-03-11');
insert into Exam (ExamID, Codes, Title, CategoryID, Duration, CreatorID, CreateDate) values (26, 'SYU', 'Chemical Engineer', 26, '01:30:00', 26, '2022-12-01');
insert into Exam (ExamID, Codes, Title, CategoryID, Duration, CreatorID, CreateDate) values (27, 'YNO', 'Analog Circuit Design manager', 27, '01:30:00', 27, '2022-08-04');
insert into Exam (ExamID, Codes, Title, CategoryID, Duration, CreatorID, CreateDate) values (28, 'KAM', 'Civil Engineer', 28, '01:30:00', 28, '2022-10-12');
insert into Exam (ExamID, Codes, Title, CategoryID, Duration, CreatorID, CreateDate) values (29, 'RDV', 'Nurse', 29, '01:30:00', 29, '2022-10-26');
insert into Exam (ExamID, Codes, Title, CategoryID, Duration, CreatorID, CreateDate) values (30, 'WIO', 'Executive Secretary', 30, '01:30:00', 30, '2022-01-16');
insert into Exam (ExamID, Codes, Title, CategoryID, Duration, CreatorID, CreateDate) values (31, 'CXB', 'Media Manager IV', 31, '01:30:00', 31, '2022-08-20');
insert into Exam (ExamID, Codes, Title, CategoryID, Duration, CreatorID, CreateDate) values (32, 'UCA', 'Associate Professor', 32, '01:30:00', 32, '2022-07-14');
insert into Exam (ExamID, Codes, Title, CategoryID, Duration, CreatorID, CreateDate) values (33, 'HAM', 'Financial Advisor', 33, '01:30:00', 33, '2022-01-31');
insert into Exam (ExamID, Codes, Title, CategoryID, Duration, CreatorID, CreateDate) values (34, 'CXP', 'Software Engineer I', 34, '01:30:00', 34, '2022-09-02');
insert into Exam (ExamID, Codes, Title, CategoryID, Duration, CreatorID, CreateDate) values (35, 'TMX', 'Software Consultant', 35, '01:30:00', 35, '2022-03-30');
insert into Exam (ExamID, Codes, Title, CategoryID, Duration, CreatorID, CreateDate) values (36, 'SJH', 'Chemical Engineer', 36, '01:30:00', 36, '2022-04-29');
insert into Exam (ExamID, Codes, Title, CategoryID, Duration, CreatorID, CreateDate) values (37, 'HPE', 'Systems Administrator III', 37, '01:30:00', 37, '2022-05-17');
insert into Exam (ExamID, Codes, Title, CategoryID, Duration, CreatorID, CreateDate) values (38, 'YFC', 'Nurse', 38, '01:30:00', 38, '2022-09-27');
insert into Exam (ExamID, Codes, Title, CategoryID, Duration, CreatorID, CreateDate) values (39, 'KLE', 'Marketing Manager', 39, '01:30:00', 39, '2022-05-31');
insert into Exam (ExamID, Codes, Title, CategoryID, Duration, CreatorID, CreateDate) values (40, 'PCL', 'Structural Engineer', 40, '01:30:00', 40, '2021-12-15');
insert into Exam (ExamID, Codes, Title, CategoryID, Duration, CreatorID, CreateDate) values (41, 'ODA', 'Account Coordinator', 41, '01:30:00', 41, '2022-02-11');
insert into Exam (ExamID, Codes, Title, CategoryID, Duration, CreatorID, CreateDate) values (42, 'DLH', 'Accounting Assistant IV', 42, '01:30:00', 42, '2022-04-03');
insert into Exam (ExamID, Codes, Title, CategoryID, Duration, CreatorID, CreateDate) values (43, 'JOI', 'Developer I', 43, '01:30:00', 43, '2022-09-02');
insert into Exam (ExamID, Codes, Title, CategoryID, Duration, CreatorID, CreateDate) values (44, 'NYR', 'Quality Control Specialist', 44, '01:30:00', 44, '2022-08-30');
insert into Exam (ExamID, Codes, Title, CategoryID, Duration, CreatorID, CreateDate) values (45, 'TPG', 'Financial Advisor', 45, '01:30:00', 45, '2022-05-02');
insert into Exam (ExamID, Codes, Title, CategoryID, Duration, CreatorID, CreateDate) values (46, 'HIS', 'Director of Sales', 46, '01:30:00', 46, '2022-04-28');
insert into Exam (ExamID, Codes, Title, CategoryID, Duration, CreatorID, CreateDate) values (47, 'INM', 'Operator', 47, '01:30:00', 47, '2022-05-13');
insert into Exam (ExamID, Codes, Title, CategoryID, Duration, CreatorID, CreateDate) values (48, 'BFC', 'Quality Engineer', 48, '01:30:00', 48, '2022-06-03');
insert into Exam (ExamID, Codes, Title, CategoryID, Duration, CreatorID, CreateDate) values (49, 'PNV', 'Account Executive', 49, '01:30:00', 49, '2022-07-21');
insert into Exam (ExamID, Codes, Title, CategoryID, Duration, CreatorID, CreateDate) values (50, 'GSS', 'Human Resources Assistant IV', 50, '01:30:00', 50, '2022-11-30');
insert into ExamQuestion (ExamID, QuestionID) values (1, 1);
insert into ExamQuestion (ExamID, QuestionID) values (2, 2);
insert into ExamQuestion (ExamID, QuestionID) values (3, 3);
insert into ExamQuestion (ExamID, QuestionID) values (4, 4);
insert into ExamQuestion (ExamID, QuestionID) values (5, 5);
insert into ExamQuestion (ExamID, QuestionID) values (6, 6);
insert into ExamQuestion (ExamID, QuestionID) values (7, 7);
insert into ExamQuestion (ExamID, QuestionID) values (8, 8);
insert into ExamQuestion (ExamID, QuestionID) values (9, 9);
insert into ExamQuestion (ExamID, QuestionID) values (10, 10);
insert into ExamQuestion (ExamID, QuestionID) values (11, 11);
insert into ExamQuestion (ExamID, QuestionID) values (12, 12);
insert into ExamQuestion (ExamID, QuestionID) values (13, 13);
insert into ExamQuestion (ExamID, QuestionID) values (14, 14);
insert into ExamQuestion (ExamID, QuestionID) values (15, 15);
insert into ExamQuestion (ExamID, QuestionID) values (16, 16);
insert into ExamQuestion (ExamID, QuestionID) values (17, 17);
insert into ExamQuestion (ExamID, QuestionID) values (18, 18);
insert into ExamQuestion (ExamID, QuestionID) values (19, 19);
insert into ExamQuestion (ExamID, QuestionID) values (20, 20);
insert into ExamQuestion (ExamID, QuestionID) values (21, 21);
insert into ExamQuestion (ExamID, QuestionID) values (22, 22);
insert into ExamQuestion (ExamID, QuestionID) values (23, 23);
insert into ExamQuestion (ExamID, QuestionID) values (24, 24);
insert into ExamQuestion (ExamID, QuestionID) values (25, 25);
insert into ExamQuestion (ExamID, QuestionID) values (26, 26);
insert into ExamQuestion (ExamID, QuestionID) values (27, 27);
insert into ExamQuestion (ExamID, QuestionID) values (28, 28);
insert into ExamQuestion (ExamID, QuestionID) values (29, 29);
insert into ExamQuestion (ExamID, QuestionID) values (30, 30);
insert into ExamQuestion (ExamID, QuestionID) values (31, 31);
insert into ExamQuestion (ExamID, QuestionID) values (32, 32);
insert into ExamQuestion (ExamID, QuestionID) values (33, 33);
insert into ExamQuestion (ExamID, QuestionID) values (34, 34);
insert into ExamQuestion (ExamID, QuestionID) values (35, 35);
insert into ExamQuestion (ExamID, QuestionID) values (36, 36);
insert into ExamQuestion (ExamID, QuestionID) values (37, 37);
insert into ExamQuestion (ExamID, QuestionID) values (38, 38);
insert into ExamQuestion (ExamID, QuestionID) values (39, 39);
insert into ExamQuestion (ExamID, QuestionID) values (40, 40);
insert into ExamQuestion (ExamID, QuestionID) values (41, 41);
insert into ExamQuestion (ExamID, QuestionID) values (42, 42);
insert into ExamQuestion (ExamID, QuestionID) values (43, 43);
insert into ExamQuestion (ExamID, QuestionID) values (44, 44);
insert into ExamQuestion (ExamID, QuestionID) values (45, 45);
insert into ExamQuestion (ExamID, QuestionID) values (46, 46);
insert into ExamQuestion (ExamID, QuestionID) values (47, 47);
insert into ExamQuestion (ExamID, QuestionID) values (48, 48);
insert into ExamQuestion (ExamID, QuestionID) values (49, 49);
insert into ExamQuestion (ExamID, QuestionID) values (50, 50)